title,company,location,link
Software Engineer,TeselaGen Biotechnology Inc.,"San Francisco, CA",https://www.indeed.com/viewjob?jk=4d6641c42325aa4b&from=web&vjs=3
Python Developer,Hibou Corp.,United States,https://www.indeed.com/viewjob?jk=9f2fc32ab2aa30ed&from=web&vjs=3
Jr.Python developer on W2,Kree,Remote,https://www.indeed.com/viewjob?jk=de9460ab704023da&from=web&vjs=3
Python Developer,Systech Corp,Remote,https://www.indeed.com/viewjob?jk=4d6e2b42ed19c1ec&from=web&vjs=3
Python Developer,Systemonex INC,"New York, NY",https://www.indeed.com/viewjob?jk=261a6748688d29d6&from=web&vjs=3
Entry Level Python Developer / Jr. Python Developer,KesarWeb,"New York, NY",https://www.indeed.com/viewjob?jk=52e375af8715e3d4&from=web&vjs=3
Sr. Python Developer,PROLIM Corporation,United States,https://www.indeed.com/viewjob?jk=01e816c71aa1b7d8&from=web&vjs=3
Entry Level Python Developer / Jr. Python Developer,Dash Technologies Inc,"Texas City, TX",https://www.indeed.com/viewjob?jk=29fdc2006cf2ac81&from=web&vjs=3
"MACHINE LEARNING ENGINEER - PYTHON, TENSORFLOW",InspiHER Tech,United States,https://www.indeed.com/viewjob?jk=a754b1fae51c41d2&from=web&vjs=3
Python Developer,HCL America Inc,"San Jose, CA",https://www.indeed.com/viewjob?jk=9b68252160700101&from=web&vjs=3
Python Developer Intern,OXO Solutions,"Ruby, SC",https://www.indeed.com/viewjob?jk=84a541c104b5b24c&from=web&vjs=3
Data Analyst Assistant,Teus Health,"Newark, NJ",https://www.indeed.com/viewjob?jk=8d47be9e6b5f1cdf&from=web&vjs=3
Junior Data Analyst Python,Gallega Software Solutions Inc,"Indianapolis, IN",https://www.indeed.com/viewjob?jk=b4e1013b94ed5504&from=web&vjs=3
PYTHON SOFTWARE ENGINEER-DEEP LEARNING,InspiHER Tech,United States,https://www.indeed.com/viewjob?jk=3dd6c509667887e7&from=web&vjs=3
Python Developer,Ennsee Technologies,"New York, NY",https://www.indeed.com/viewjob?jk=81f1cd0554a6374f&from=web&vjs=3
PYTHON SOFTWARE ENGINEER-DEEP LEARNING,InspiHER Tech,United States,https://www.indeed.com/viewjob?jk=3dd6c509667887e7&from=web&vjs=3
Python Developer,Ennsee Technologies,"New York, NY",https://www.indeed.com/viewjob?jk=81f1cd0554a6374f&from=web&vjs=3
Data Scientist Entry Level - Pathrise Recruiting Partners,Pathrise,Remote,https://www.indeed.com/viewjob?jk=57125117d2b4b0f6&from=web&vjs=3
Python Developer Trainee,Cndro,"Houston, TX",https://www.indeed.com/viewjob?jk=0cf2026f52be6bc9&from=web&vjs=3
GIS Technician (Contract),Orbital Insight,United States,https://www.indeed.com/viewjob?jk=3e307741d1c78aec&from=web&vjs=3
Python Developer,Vision Technology Services,"King of Prussia, PA",https://www.indeed.com/viewjob?jk=d7d01937169c78f6&from=web&vjs=3
100% REMOTE & FULL-TIME - Python/Django Developer,Syrinx,Massachusetts,https://www.indeed.com/viewjob?jk=cb01feca202a2b94&from=web&vjs=3
Back-End Python Developer - GitPrime,Pluralsight,Colorado,https://www.indeed.com/viewjob?jk=a1abf6435924c5a1&from=web&vjs=3
Python developer,RiVi Consulting Group,"Alpharetta, GA",https://www.indeed.com/viewjob?jk=2f4a8dc24f721476&from=web&vjs=3
Python developer,Ace-stack LLC,Virginia,https://www.indeed.com/viewjob?jk=e7ff3008632225d7&from=web&vjs=3
"Junior Software Engineer (Remote, USA, Full-Time)",4 Mile Analytics,Remote,https://www.indeed.com/viewjob?jk=d9fd8018aa106b06&from=web&vjs=3
PYTHON DEVELOPER,Wolf Careers,"Bloomingdale, IL",https://www.indeed.com/viewjob?jk=52b59ba01783e006&from=web&vjs=3
Python Developer,rpo international Inc.,"Houston, TX",https://www.indeed.com/viewjob?jk=7a82941af9fac896&from=web&vjs=3
"Data Scientist, Analytics-Remote Presence",Facebook,"Bellevue, WA",https://www.indeed.com/viewjob?jk=fe2305d701edbbe7&from=web&vjs=3
Junior Data Scientist - Pathrise Recruiting Partners,Pathrise,Remote,https://www.indeed.com/viewjob?jk=4fbc59d736aac3c6&from=web&vjs=3
"SAS to Python Developer (3-month corp-to-corp contract, $40/hr, remote)",BNL Consulting,"Atlanta, GA",https://www.indeed.com/viewjob?jk=188fcd1b068f7719&from=web&vjs=3
Python Developer,WalkerCassidy,"Las Vegas, NV",https://www.indeed.com/viewjob?jk=555651710190254d&from=web&vjs=3
AWS Python Developer,Wavicle Data Solutions LLC,"Chicago, IL",https://www.indeed.com/viewjob?jk=65f869f214aa923b&from=web&vjs=3
Software Engineer - Junior (C++/Python),Boston Dynamics,"Waltham, MA",https://www.indeed.com/viewjob?jk=0fb17bc73ff9274f&from=web&vjs=3
Backend Python Engineer - Remote,Doctor On Demand,"Minneapolis, MN",https://www.indeed.com/viewjob?jk=73e42b341f1654c8&from=web&vjs=3
Python Developer,Pilot Flying J,"Knoxville, TN",https://www.indeed.com/viewjob?jk=3be10bf402b7a008&from=web&vjs=3
Data Developer - SQL/Python,Neo Link Services,"Milwaukee, WI",https://www.indeed.com/viewjob?jk=7d87209309fa56dc&from=web&vjs=3
Data Analyst- Contract,ProjectManager.com,Texas,https://www.indeed.com/viewjob?jk=7c1c2e6b07fead60&from=web&vjs=3
Junior Developer - Python,Akuna Capital,"Chicago, IL",https://www.indeed.com/viewjob?jk=0b2c553a665c7d64&from=web&vjs=3
Python/ Spark Developer,Albano Systems Inc,"Boston, MA",https://www.indeed.com/viewjob?jk=97f2fe8ea19a3f7c&from=web&vjs=3
Senior Python Developer,Frontierpay,Remote,https://www.indeed.com/viewjob?jk=249fd45368894066&from=web&vjs=3
Backend Developer,Emergere Technologies,Texas,https://www.indeed.com/viewjob?jk=69d61b5b1052c23e&from=web&vjs=3
Music Composer,Gearbox Software,"Frisco, TX",https://www.indeed.com/viewjob?jk=e0120791fafd200d&from=web&vjs=3
Python Developer,diamond,California,https://www.indeed.com/viewjob?jk=6283c79ff09d40c5&from=web&vjs=3
Business Intelligence Intern,Evil Geniuses,California,https://www.indeed.com/viewjob?jk=85e0505695b43f23&from=web&vjs=3
Backend Python Engineer - Remote,Doctor On Demand,"Minneapolis, MN",https://www.indeed.com/viewjob?jk=73e42b341f1654c8&from=web&vjs=3
Data Developer - SQL/Python,Neo Link Services,"Milwaukee, WI",https://www.indeed.com/viewjob?jk=7d87209309fa56dc&from=web&vjs=3
Junior Developer - Python,Akuna Capital,"Chicago, IL",https://www.indeed.com/viewjob?jk=0b2c553a665c7d64&from=web&vjs=3
Senior Python Developer,Frontierpay,Remote,https://www.indeed.com/viewjob?jk=249fd45368894066&from=web&vjs=3
JavaScript Developer,Autonomy Co-op,"Portland, OR",https://www.indeed.com/viewjob?jk=eeeb0ba21d931e66&from=web&vjs=3
Music Composer,Gearbox Software,"Frisco, TX",https://www.indeed.com/viewjob?jk=e0120791fafd200d&from=web&vjs=3
Data Analyst- Contract,ProjectManager.com,Texas,https://www.indeed.com/viewjob?jk=7c1c2e6b07fead60&from=web&vjs=3
Data Analyst,Care Advisors Inc,"Chicago, IL",https://www.indeed.com/viewjob?jk=efdbb8539554889e&from=web&vjs=3
Front End Developer,SportsHub Technologies,"Canton, CT",https://www.indeed.com/viewjob?jk=769356b9d65fd944&from=web&vjs=3
Python Developer,diamond,California,https://www.indeed.com/viewjob?jk=6283c79ff09d40c5&from=web&vjs=3
Business Intelligence Intern,Evil Geniuses,California,https://www.indeed.com/viewjob?jk=85e0505695b43f23&from=web&vjs=3
Backend developer (Python) (Transfer accepted),Avancer Corporation,"East Liberty, OH",https://www.indeed.com/viewjob?jk=89713356995205ed&from=web&vjs=3
Backend Developer,Emergere Technologies,Texas,https://www.indeed.com/viewjob?jk=69d61b5b1052c23e&from=web&vjs=3
Quantitative Trader - Entry Level,Avatar Securities,"Chicago, IL",https://www.indeed.com/viewjob?jk=d01efa8dad29efdc&from=web&vjs=3
Senior Python Developer-W2,Zigna soft,"McLean, VA",https://www.indeed.com/viewjob?jk=2520529e9baf6bdb&from=web&vjs=3
Python Developer,Sara Technologies,United States,https://www.indeed.com/viewjob?jk=07cc59a85ae4d228&from=web&vjs=3
Penetration Testing Trainee (Remote USA),BreachLock,"Florida, NY",https://www.indeed.com/viewjob?jk=487b30db63184515&from=web&vjs=3
Python Developer,Avancer Corporation,"East Liberty, OH",https://www.indeed.com/viewjob?jk=392ac5e7914e9800&from=web&vjs=3
System Architecture and Analytics-Python and core data science,DSMH LLC,"Champaign, IL",https://www.indeed.com/viewjob?jk=c1b5c98675363b6a&from=web&vjs=3
Remote Penetration Testers (2 Senior / 2 Mid-level),Humans Doing,United States,https://www.indeed.com/viewjob?jk=aecc28c50d149535&from=web&vjs=3
Java/python Developer,Zenaide,"Tempe, AZ",https://www.indeed.com/viewjob?jk=1906d5d45e802e3a&from=web&vjs=3
Software Engineer (Python),StratoDem Analytics LLC,"Chapel Hill, NC",https://www.indeed.com/viewjob?jk=8161857206375e3a&from=web&vjs=3
Support,RStudio,United States,https://www.indeed.com/viewjob?jk=2c26339484d5141f&from=web&vjs=3
Sr. Python Developer,CloudPoint Systems inc.,"Portland, ME",https://www.indeed.com/viewjob?jk=8e913abc178ddc8d&from=web&vjs=3
Python Developer,Sreyo Inc,"Morrisville, NC",https://www.indeed.com/viewjob?jk=df9b06ae15f40143&from=web&vjs=3
Online Coding Instructor,CodeWizardsHQ,"Indianapolis, IN",https://www.indeed.com/viewjob?jk=84c3d828c60ca02c&from=web&vjs=3
Python Developer,Callsign Media,"Las Vegas, NV",https://www.indeed.com/viewjob?jk=345e22ca6e583be5&from=web&vjs=3
Jr Python Developer,MNK Infotech,"Irving, TX",https://www.indeed.com/viewjob?jk=b2640914d81a385c&from=web&vjs=3
Golang Python Developer,Skillful Technologies,"Philadelphia, PA",https://www.indeed.com/viewjob?jk=7ea1eed7c8e81d12&from=web&vjs=3
Data Journalist,Kinsa Inc.,Remote,https://www.indeed.com/viewjob?jk=279cae8f38dcc293&from=web&vjs=3
Web Developer- Must Know Python Django Code,RSN,"Irvine, CA",https://www.indeed.com/viewjob?jk=49bea70bed1cc8da&from=web&vjs=3
"Integration lead (Python, Microservices, CI/CD)",Techera,"Lake Forest, CA",https://www.indeed.com/viewjob?jk=4d54770073ea343b&from=web&vjs=3
2021 Summer Tech Intern - Data Science,Pacific Investment Management Company LLC,United States,https://www.indeed.com/viewjob?jk=fc8ffd48e6adcf03&from=web&vjs=3
Python Test Engineer,Digital Dhara,"San Jose, CA",https://www.indeed.com/viewjob?jk=89a2584948041c37&from=web&vjs=3
Software Engineer,Democratic National Committee,Remote,https://www.indeed.com/viewjob?jk=4f9ea9d29e57a0a4&from=web&vjs=3
Quality Assurance Engineer,"BlackBag Technologies, Inc.",Remote,https://www.indeed.com/viewjob?jk=26e2851423d254d8&from=web&vjs=3
POLITICAL MAPPING ANALYST,National Democratic Redistricting Committee,United States,https://www.indeed.com/viewjob?jk=2dc5b5216ab7fef7&from=web&vjs=3
Python Software Developer,Perpetual,"New York, NY",https://www.indeed.com/viewjob?jk=e98ece4acc0f8241&from=web&vjs=3
Sales,RStudio,United States,https://www.indeed.com/viewjob?jk=8f0c4d2a405bc478&from=web&vjs=3
Jr. Software Developer (Java/ Python) - USC/GC - T,Select Group,"Tampa, FL",https://www.indeed.com/viewjob?jk=2ef3fe72cf10d996&from=web&vjs=3
Threat Intelligence Specialist,Proofpoint,"Richmond, VA",https://www.indeed.com/viewjob?jk=3fa18fb3a7f441c9&from=web&vjs=3
Backend Software Engineer,House Cuts,"Los Angeles, CA",https://www.indeed.com/viewjob?jk=889242b2979895cd&from=web&vjs=3
Python Developer,Syrinx,"Waltham, MA",https://www.indeed.com/viewjob?jk=42d87e2760bfff94&from=web&vjs=3
Data Analyst,Edible Arrangements Corporate,"Atlanta, GA",https://www.indeed.com/viewjob?jk=621b047b346d3745&from=web&vjs=3
Software Engineer,Oktana,"Charleston, WV",https://www.indeed.com/viewjob?jk=27c043274ee118fd&from=web&vjs=3
"Client Development Engineer, Python Focus",Sage Bionetworks,"Seattle, WA",https://www.indeed.com/viewjob?jk=05747e044feb55b2&from=web&vjs=3
Web Developer,"Mueller, Inc.",United States,https://www.indeed.com/viewjob?jk=2d279d69ae2a13be&from=web&vjs=3
Product Analyst,Game Insight,Remote,https://www.indeed.com/viewjob?jk=04f896b9be09f77a&from=web&vjs=3
Senior Python/MATLAB Developer- REMOTE!,Anthem Engineering,Maryland,https://www.indeed.com/viewjob?jk=a11a39bce3f5ea7d&from=web&vjs=3
EPA Programming and Database Support,U.S. Environmental Protection Agency (EPA),United States,https://www.indeed.com/viewjob?jk=9d85425d7a353858&from=web&vjs=3
"Descriptive Analytics Data Analyst, IB","Jefferies & Company, Inc.","New York, NY",https://www.indeed.com/viewjob?jk=725cafc936461c97&from=web&vjs=3
Looking for Python Developer w/SAS,Zllius Inc,"Washington, DC",https://www.indeed.com/viewjob?jk=93efba8fab36bca9&from=web&vjs=3
"Senior Data Analyst (Remote, USA, Full-Time)",4 Mile Analytics,Remote,https://www.indeed.com/viewjob?jk=9c18638551615df6&from=web&vjs=3
Quantitative Trader,Blockfills,"Chicago, IL",https://www.indeed.com/viewjob?jk=49c14d59e784aa8f&from=web&vjs=3
"Software Developer (Python, Pyspark, Pig)",Park Computer Systems INC,"Newark, CA",https://www.indeed.com/viewjob?jk=d2c4f6b1270a086b&from=web&vjs=3
Data Analytics Co-op/Intern - Fall 2020,"Honda R&D Americas, Inc.",United States,https://www.indeed.com/viewjob?jk=ba32d8ee7976a094&from=web&vjs=3
"Software Engineer (python, backend)",Big Data Federation,"Santa Clara, CA",https://www.indeed.com/viewjob?jk=306c7a01fa390d13&from=web&vjs=3
Engineer,Tech mahindra,Kentucky,https://www.indeed.com/viewjob?jk=10860fcbb562911b&from=web&vjs=3
"Safety Investigator, Community Operations",Facebook,"Austin, TX",https://www.indeed.com/viewjob?jk=d2d74cd753f3135f&from=web&vjs=3
Sr. Python Developer,"Pegasus Scientific and Professional Services, LLC","Woods Hole, MA",https://www.indeed.com/viewjob?jk=12593690b2b54325&from=web&vjs=3
Research Engineer,ImagingX Inc,"Blacksburg, VA",https://www.indeed.com/viewjob?jk=f05b100334690383&from=web&vjs=3
"Research Analyst, Communications",Square,"San Francisco, CA",https://www.indeed.com/viewjob?jk=14a0b82525e1fe94&from=web&vjs=3
"Software Dev INTERN C++/python - Computer Vision, DL, GUI, Plugins",CharacterFaceGen CFG,"New York, NY",https://www.indeed.com/viewjob?jk=7039e25f68240ad5&from=web&vjs=3
Senior Python Engineer (Remote OK),MakeSpace,"New York, NY",https://www.indeed.com/viewjob?jk=7ab7587d73e8255f&from=web&vjs=3
"Production Engineer, Intern/Co-Op",Facebook,"Menlo Park, CA",https://www.indeed.com/viewjob?jk=a2ff6c2cde54682b&from=web&vjs=3
"Data Scientist, Analytics- Instagram-Family Stories",Facebook,"New York, NY",https://www.indeed.com/viewjob?jk=233dd1634d6132ae&from=web&vjs=3
"Analyst - Instagram, Partnerships Science",Facebook,"San Francisco, CA",https://www.indeed.com/viewjob?jk=e53227c40e160f44&from=web&vjs=3
Senior Python Software Engineer,IdeasJam,Remote,https://www.indeed.com/viewjob?jk=64c100036816dd4f&from=web&vjs=3
"Software Engineer, Shopping Discovery",Pinterest,"San Francisco, CA",https://www.indeed.com/viewjob?jk=70abcce74564ae3e&from=web&vjs=3
"Power BI Consultant, Independent Contractor",Exclusive Resorts LLC,"Denver, CO",https://www.indeed.com/viewjob?jk=6b54bdd0a38bf44e&from=web&vjs=3
"Associate Programme Officer – Resource Assessment Potential, P-2",International Renewable Energy Agency (IRENA),United States,https://www.indeed.com/viewjob?jk=095f316a59d51e8e&from=web&vjs=3
Entry Level - Software Developer,Smoothstack Inc,"Fairfax, VA",https://www.indeed.com/viewjob?jk=e49f6527e777a4a3&from=web&vjs=3
"Software Engineer (Python, Django or Twisted)",Docker,"San Francisco, CA",https://www.indeed.com/viewjob?jk=05fff5090677899e&from=web&vjs=3
Production Engineer,Facebook,"Menlo Park, CA",https://www.indeed.com/viewjob?jk=84072304ddd90d90&from=web&vjs=3
Python Developer,Convene Technologies,"San Antonio, TX",https://www.indeed.com/viewjob?jk=6a6c78dd7aff6791&from=web&vjs=3
Entry Level Web / Application Developer with Computer Science Emphasis,Aperture Home Management,"Scottsdale, AZ",https://www.indeed.com/viewjob?jk=22a4fc6f8b1fd6da&from=web&vjs=3
Data Analyst,DMGT,"New York, NY",https://www.indeed.com/viewjob?jk=cb96a2569bd6a644&from=web&vjs=3
Risk & Transaction Analyst,REsurety,"Boston, MA",https://www.indeed.com/viewjob?jk=a1d9ad048f3179b4&from=web&vjs=3
Senior Business Analyst,Vetrotech,"Carolina, PR",https://www.indeed.com/viewjob?jk=a1604cda4fa116aa&from=web&vjs=3
Decision Scientist - AR/VR,Facebook,"Menlo Park, CA",https://www.indeed.com/viewjob?jk=e049fec091468096&from=web&vjs=3
Lead Python Developer,Epsilon,"San Diego, CA",https://www.indeed.com/viewjob?jk=3222ed3d2248cdc4&from=web&vjs=3
Marketing Jr Media Buy (Mobile Game),"Crazy Maple Studio, Inc.","Sunnyvale, CA",https://www.indeed.com/viewjob?jk=2695e9817151c99b&from=web&vjs=3
Python Developer,Systemonex INC,"New York, NY",https://www.indeed.com/viewjob?jk=261a6748688d29d6&from=web&vjs=3
Python Developer,Vision Technology Services,"King of Prussia, PA",https://www.indeed.com/viewjob?jk=d7d01937169c78f6&from=web&vjs=3
Python Scripting and Tool Development Online Instructor,The Los Angeles Film School,"Winter Park, FL",https://www.indeed.com/viewjob?jk=84c5b3602e97e05a&from=web&vjs=3
Unity Instructor,My Coding Place,"Austin, TX",https://www.indeed.com/viewjob?jk=4409499ea2cff800&from=web&vjs=3
Python Developer,Hibou Corp.,United States,https://www.indeed.com/viewjob?jk=9f2fc32ab2aa30ed&from=web&vjs=3
Python Developer,Systech Corp,Remote,https://www.indeed.com/viewjob?jk=4d6e2b42ed19c1ec&from=web&vjs=3
Senior Python Developer,eMoney Advisor,Remote,https://www.indeed.com/viewjob?jk=b59a2281d58eefdf&from=web&vjs=3
Python Developer,Conrelv Solutions Inc,"Madison, NJ",https://www.indeed.com/viewjob?jk=9c8976d98dfaf579&from=web&vjs=3
"Production Engineer, Intern/Co-Op",Facebook,"Menlo Park, CA",https://www.indeed.com/viewjob?jk=a2ff6c2cde54682b&from=web&vjs=3
Data and Analytics Associate,The Wyanoke Group,"Thorofare, NJ",https://www.indeed.com/viewjob?jk=d3d1bdbbc2c97fd3&from=web&vjs=3
Data Analyst,Hotel Engine,"Denver, CO",https://www.indeed.com/viewjob?jk=708e0ff7ce4da770&from=web&vjs=3
Python Developer,Mondo,"King of Prussia, PA",https://www.indeed.com/viewjob?jk=dbcb559df256aaef&from=web&vjs=3
EPA Programming and Database Support,U.S. Environmental Protection Agency (EPA),United States,https://www.indeed.com/viewjob?jk=9d85425d7a353858&from=web&vjs=3
Risk & Transaction Analyst,REsurety,"Boston, MA",https://www.indeed.com/viewjob?jk=a1d9ad048f3179b4&from=web&vjs=3
Python Developer,Convene Technologies,"San Antonio, TX",https://www.indeed.com/viewjob?jk=6a6c78dd7aff6791&from=web&vjs=3
HL7 (Health Level 7) Specialist,Coastline Lab Management Inc.,"Irvine, CA",https://www.indeed.com/viewjob?jk=c9f579cf9d2a08df&from=web&vjs=3
"Analyst - Instagram, Partnerships Science",Facebook,"San Francisco, CA",https://www.indeed.com/viewjob?jk=e53227c40e160f44&from=web&vjs=3
Quantitative Trader,Blockfills,"Chicago, IL",https://www.indeed.com/viewjob?jk=49c14d59e784aa8f&from=web&vjs=3
C# Developer,Grant Street Group,Remote,https://www.indeed.com/viewjob?jk=135f96ce736eb91b&from=web&vjs=3
Research Engineer,ImagingX Inc,"Blacksburg, VA",https://www.indeed.com/viewjob?jk=f05b100334690383&from=web&vjs=3
Energy Trading Analyst,Enel X,"Andover, MA",https://www.indeed.com/viewjob?jk=e86a200140ee9d7d&from=web&vjs=3
Software Engineer,Administrate,Remote,https://www.indeed.com/viewjob?jk=fbcfb5872612e90e&from=web&vjs=3
R & Python / Sr. Information Data Analyst,Kbyte Systems LLC.,"Chicago, IL",https://www.indeed.com/viewjob?jk=7aa4e75374c879eb&from=web&vjs=3
"Software Engineer - Python, SQL",Fannie Mae,"Herndon, VA",https://www.indeed.com/viewjob?jk=70cf0d1e533ceafb&from=web&vjs=3
Business Insights Analyst,"Shaw Industries Group, Inc.","Dalton, GA",https://www.indeed.com/viewjob?jk=64c3b87aaa8f7d18&from=web&vjs=3
Data Center Operations Engineer,Facebook,"Altoona, IA",https://www.indeed.com/viewjob?jk=c6459f8e17836069&from=web&vjs=3
Decision Scientist - AR/VR,Facebook,"Menlo Park, CA",https://www.indeed.com/viewjob?jk=e049fec091468096&from=web&vjs=3
ETF Trader (Equities),SR Investment Partners,"New York, NY",https://www.indeed.com/viewjob?jk=b8f8a79669663e1f&from=web&vjs=3
2020 Internships,Rosenblatt Securities,"New York, NY",https://www.indeed.com/viewjob?jk=771ec6885c33169f&from=web&vjs=3
GIS Analyst,Denver Regional Council of Governments,"Denver, CO",https://www.indeed.com/viewjob?jk=eee9d275a530a889&from=web&vjs=3
Software Engineer - Facebook Connectivity,Facebook,"Northridge, CA",https://www.indeed.com/viewjob?jk=ebfb54286024587c&from=web&vjs=3
Data Integration (ETL) Developer,Axial Healthcare,Remote,https://www.indeed.com/viewjob?jk=d391934bf2998c38&from=web&vjs=3
Network Engineer II - Remote Work Accepted,Intelligent Fiber Network,United States,https://www.indeed.com/viewjob?jk=10b17e8f6b1d3360&from=web&vjs=3
Production Engineer,Facebook,"Menlo Park, CA",https://www.indeed.com/viewjob?jk=84072304ddd90d90&from=web&vjs=3
Python developer,Compest Solutions Inc,"Manhattan, NY",https://www.indeed.com/viewjob?jk=b56b121e1362cbcb&from=web&vjs=3
Python Developer (CONTRACT),3blackdot,"Los Angeles, CA",https://www.indeed.com/viewjob?jk=b64ca01e0956cf2c&from=web&vjs=3
Python Developer,Anexinet Corp,"King of Prussia, PA",https://www.indeed.com/viewjob?jk=fb03f0019a93574f&from=web&vjs=3
Sr Database Developer (Strong Python experience),Avancer Corporation,"Houston, TX",https://www.indeed.com/viewjob?jk=4d04d25818eb39cf&from=web&vjs=3
Senior Python Developer,Syrinx,Massachusetts,https://www.indeed.com/viewjob?jk=63c2b3818f1702d8&from=web&vjs=3
Data Analyst,Spin,"San Francisco, CA",https://www.indeed.com/viewjob?jk=4a1fc6da7af5fc16&from=web&vjs=3
Entry Level Web / Application Developer with Computer Science Emphasis,Aperture Home Management,"Scottsdale, AZ",https://www.indeed.com/viewjob?jk=22a4fc6f8b1fd6da&from=web&vjs=3
Junior QA Engineer,HYPR,"New York, NY",https://www.indeed.com/viewjob?jk=c380695ff6060619&from=web&vjs=3
Data Engineer / Data Modeler,Pyramid,"Charlotte, NC",https://www.indeed.com/viewjob?jk=6239e1f66ff71852&from=web&vjs=3
Staff Data Scientist- Consumer Product- Health Team,Twitter,United States,https://www.indeed.com/viewjob?jk=1ee121eeecb083ea&from=web&vjs=3
Python Developer,Crunch.io,"Palo Alto, CA",https://www.indeed.com/viewjob?jk=4cc24bcb6fad6632&from=web&vjs=3
Software Developer FPGA python exp (w2 only),infolob,"Hillsboro, OR",https://www.indeed.com/viewjob?jk=06c6a9936dede75e&from=web&vjs=3
"Quantum Research Software Engineer (python, C++, algorithms)",Independent Staffing Services,"Bellevue, WA",https://www.indeed.com/viewjob?jk=5ec8b0c1856aa80a&from=web&vjs=3
Data Analyst,Snow Commerce,"Cincinnati, OH",https://www.indeed.com/viewjob?jk=329fbf87f0d56296&from=web&vjs=3
Data Analyst,Wellth,"Los Angeles, CA",https://www.indeed.com/viewjob?jk=d0317a1cbccd5774&from=web&vjs=3
Python backend developer w/ Ansible,"The Consortium, Inc.","Baltimore, MD",https://www.indeed.com/viewjob?jk=75053df610a852ca&from=web&vjs=3
Junior Data Scientist,Dash Technologies Inc,"Tampa, FL",https://www.indeed.com/viewjob?jk=e482c2194ccb9173&from=web&vjs=3
Software Engineer I,PhishLabs,United States,https://www.indeed.com/viewjob?jk=8dbb3b3e64e9ae17&from=web&vjs=3
Senior Python Software Engineer,"Interos, Inc.",Virginia,https://www.indeed.com/viewjob?jk=0462e69e197e1774&from=web&vjs=3
Data Warehouse Analyst,BeiGene,Remote,https://www.indeed.com/viewjob?jk=4fb889570fa2f8bb&from=web&vjs=3
Data Scientist - Germplasm Design,Bayer,Missouri,https://www.indeed.com/viewjob?jk=044e88c4a9f430ce&from=web&vjs=3
Genomic Selection Scientist,Bayer,Missouri,https://www.indeed.com/viewjob?jk=9ada7904d027aaf3&from=web&vjs=3
Linux Engineer - Redhat,Horizon Corp,"Charlotte, NC",https://www.indeed.com/viewjob?jk=b9d13bd1728b0f2a&from=web&vjs=3
Senior Call Center Analyst,Frontier Communications,"Fort Wayne, IN",https://www.indeed.com/viewjob?jk=154447483b8a8391&from=web&vjs=3
System Architect,iQuartic,"Boston, MA",https://www.indeed.com/viewjob?jk=8fca84bcd240c643&from=web&vjs=3
Infrared Detector Scientist,Attollo Engineering,"Camarillo, CA",https://www.indeed.com/viewjob?jk=336952ca51dd00fb&from=web&vjs=3
Senior Backend Engineer 8+ years (Python),SYSCON International,"South Bend, IN",https://www.indeed.com/viewjob?jk=2b07a451eed6b112&from=web&vjs=3
Senior Automation Engineer,tap|QA,"Minneapolis, MN",https://www.indeed.com/viewjob?jk=8ed66bd7da0c5de9&from=web&vjs=3
Senior Python Developer,eMoney Advisor,Remote,https://www.indeed.com/viewjob?jk=b59a2281d58eefdf&from=web&vjs=3
"AWS Cloud Engineer with Java, Python",Concepts Beyond,"Washington, DC",https://www.indeed.com/viewjob?jk=57238f714183ef7a&from=web&vjs=3
Sr. Python Developer,Ksquareinc,"Dallas, TX",https://www.indeed.com/viewjob?jk=adf69da605fc4308&from=web&vjs=3
Database Developer,Wipro,"Austin, TX",https://www.indeed.com/viewjob?jk=7c7f3fbe881f1609&from=web&vjs=3
"Data Engg Developers ( PYTHON, SQL)",Ace-stack LLC,California,https://www.indeed.com/viewjob?jk=3aa969679f3b47e6&from=web&vjs=3
SR. SOFTWARE ENGINEER – RUBY ON RAILS/JAVA/PYTHON,InspiHER Tech,"Chicago, IL",https://www.indeed.com/viewjob?jk=95f2233efb4e6dd7&from=web&vjs=3
Python Developer,Fairmarkit,"Boston, MA",https://www.indeed.com/viewjob?jk=df08f282d8d5546d&from=web&vjs=3
Additive Manufacturing Engineer I/II,Fabric8Labs,"San Diego, CA",https://www.indeed.com/viewjob?jk=7734e2b9d8f14d50&from=web&vjs=3
"SR Full Stack Developer (Python/Django, MySQL or Javascript stack)",arc.dev,Remote,https://www.indeed.com/viewjob?jk=f139592a4f833ffc&from=web&vjs=3
"Software Engineer (Java, Golang or Python, Golang)",Prospance Inc,"Austin, TX",https://www.indeed.com/viewjob?jk=06f0fe922d3b15b8&from=web&vjs=3
Field Operations Specialist,Bayer,Missouri,https://www.indeed.com/viewjob?jk=01ccb7a9f8cf53ea&from=web&vjs=3
Full Stack Software developer,"Dyad Medical, Inc.","Allston, MA",https://www.indeed.com/viewjob?jk=8de0a668ba175b07&from=web&vjs=3
SDET Role,Vertex IT Services,"Englewood, CO",https://www.indeed.com/viewjob?jk=7481fcf1618b6ff8&from=web&vjs=3
Software Applications Developer,Woodland Scenics,"Linn Creek, MO",https://www.indeed.com/viewjob?jk=5d920c797133200a&from=web&vjs=3
"Software Developer - JavaScript, AngularJS and Python","W&P Management, LLC","Utica, MI",https://www.indeed.com/viewjob?jk=0a96f35bb1bffa06&from=web&vjs=3
Economists and Data Scientists,"Ag-Analytics Technology Company, LLC","Lafayette, IN",https://www.indeed.com/viewjob?jk=6bd2d8eca523aa4a&from=web&vjs=3
Entry Level Data Analyst,Hopjump,"Boston, MA",https://www.indeed.com/viewjob?jk=2532431132ffbda1&from=web&vjs=3
Specialist Scheduling & ISOP,Rio Tinto,United States,https://www.indeed.com/viewjob?jk=b400067de7727196&from=web&vjs=3
Insights Analyst,GradTests (gradtests.com),"Albuquerque, NM",https://www.indeed.com/viewjob?jk=fcac7f63a14df727&from=web&vjs=3
"Software Engineer, University Grad",Facebook,"Los Angeles, CA",https://www.indeed.com/viewjob?jk=ac8c8e4cd7932e29&from=web&vjs=3
Jr Python Developer,Global Data Management Inc,"Woodbridge, NJ",https://www.indeed.com/viewjob?jk=24185ea11dee3248&from=web&vjs=3
Data Quality Engineer,Kespry Inc.,California,https://www.indeed.com/viewjob?jk=4205a9b3265ec331&from=web&vjs=3
Data 2 the People 2020 Election Fellow,Data 2 the People,Remote,https://www.indeed.com/viewjob?jk=96f1bfae409289b1&from=web&vjs=3
Python or Golang Developer - USA Remote,Catalogic Software,"Woodcliff Lake, NJ",https://www.indeed.com/viewjob?jk=5bc6f1af7da17b62&from=web&vjs=3
Python Engineer,TrailStone Group,"Austin, TX",https://www.indeed.com/viewjob?jk=2e021214b60d6e20&from=web&vjs=3
Python Engineer,The Bernard Group,"Chanhassen, MN",https://www.indeed.com/viewjob?jk=a4cd1521bb6136e2&from=web&vjs=3
Python Developer,Sqait Inc,"Great Falls, VA",https://www.indeed.com/viewjob?jk=7fc4d4179e6f45b7&from=web&vjs=3
Data Curator Associate,U.S. Environmental Protection Agency (EPA),"Research Triangle Park, NC",https://www.indeed.com/viewjob?jk=0953a6d63e5a6860&from=web&vjs=3
Data Scientist,Wunderman Thompson,Connecticut,https://www.indeed.com/viewjob?jk=2edfc9bf3a0784aa&from=web&vjs=3
NACF Programmer Analyst,Amazon.com Services LLC,Remote,https://www.indeed.com/viewjob?jk=236f97628ed1d6cd&from=web&vjs=3
Entry Level - Full stack Java Developer,KesarWeb,"Texas City, TX",https://www.indeed.com/viewjob?jk=a6669a6f37f931f4&from=web&vjs=3
"Software Engineer, Backend",,Remote,https://www.indeed.com/viewjob?jk=baddbb0189bde163&from=web&vjs=3
Python or Golang Developer - USA Remote,Catalogic Software,"Woodcliff Lake, NJ",https://www.indeed.com/viewjob?jk=5bc6f1af7da17b62&from=web&vjs=3
Python Engineer,TrailStone Group,"Austin, TX",https://www.indeed.com/viewjob?jk=2e021214b60d6e20&from=web&vjs=3
Python Engineer,The Bernard Group,"Chanhassen, MN",https://www.indeed.com/viewjob?jk=a4cd1521bb6136e2&from=web&vjs=3
Python Developer,Sqait Inc,"Great Falls, VA",https://www.indeed.com/viewjob?jk=7fc4d4179e6f45b7&from=web&vjs=3
Data Curator Associate,U.S. Environmental Protection Agency (EPA),"Research Triangle Park, NC",https://www.indeed.com/viewjob?jk=0953a6d63e5a6860&from=web&vjs=3
Data Scientist,Wunderman Thompson,Connecticut,https://www.indeed.com/viewjob?jk=2edfc9bf3a0784aa&from=web&vjs=3
NACF Programmer Analyst,Amazon.com Services LLC,Remote,https://www.indeed.com/viewjob?jk=236f97628ed1d6cd&from=web&vjs=3
Entry Level - Full stack Java Developer,KesarWeb,"Texas City, TX",https://www.indeed.com/viewjob?jk=a6669a6f37f931f4&from=web&vjs=3
"Software Engineer, Backend",,Remote,https://www.indeed.com/viewjob?jk=baddbb0189bde163&from=web&vjs=3
"Business Intelligence Analyst, Sales",Slack,Colorado,https://www.indeed.com/viewjob?jk=03c33c31a23cbc0b&from=web&vjs=3
Python/Django Developer,"Data Sys IT, Inc","Washington, DC",https://www.indeed.com/viewjob?jk=ddc907658591c171&from=web&vjs=3
Software Development Intern,Republic Wireless,North Carolina,https://www.indeed.com/viewjob?jk=1be6b31849cb17e5&from=web&vjs=3
Python developer,VAUXOO,"Colima, GA",https://www.indeed.com/viewjob?jk=f7669fcbd77ecd11&from=web&vjs=3
082: Python and Stitch Developer,Dataspace,"Detroit, MI",https://www.indeed.com/viewjob?jk=d483fbb64440b7e7&from=web&vjs=3
Data Engineer - Data,Slack,Remote,https://www.indeed.com/viewjob?jk=1cc23470af505194&from=web&vjs=3
Python Developer with strong java and Spring Boot,Allinfo Tech INC.,"Washington, DC",https://www.indeed.com/viewjob?jk=7ba76faedee881cb&from=web&vjs=3
Backend Developer Intern,Open Water VC,"Menlo Park, CA",https://www.indeed.com/viewjob?jk=c3edf537406ace39&from=web&vjs=3
Junior Software Engineer,FT Optimize,"Half Moon Bay, CA",https://www.indeed.com/viewjob?jk=77c167d55a282b3c&from=web&vjs=3
Python Automation Developement Engineer,IST Inc.,"Greenwood Village, CO",https://www.indeed.com/viewjob?jk=6da3bd98456eb5f4&from=web&vjs=3
Associate Data Scientist – Premium Analytics (The Americas),Spotify,"New York, NY",https://www.indeed.com/viewjob?jk=67f9876421d9cb28&from=web&vjs=3
Data Collection Analyst,Alphamatician,"Boston, MA",https://www.indeed.com/viewjob?jk=acf1e9bae91edcb0&from=web&vjs=3
Software Developer - Python & Django,Anders Innovations,"Dallas, TX",https://www.indeed.com/viewjob?jk=8665e0b9139e296a&from=web&vjs=3
Insights Analyst,Degreed,Remote,https://www.indeed.com/viewjob?jk=d056a28eeeeb9c92&from=web&vjs=3
Python Developer,Frontend Arts,California,https://www.indeed.com/viewjob?jk=61738b1830df2712&from=web&vjs=3
Programmer,OpenMind,Remote,https://www.indeed.com/viewjob?jk=5eb50b2116cbe09b&from=web&vjs=3
Python Developer,VA Boston Healthcare System,"Boston, MA",https://www.indeed.com/viewjob?jk=2413aca7b355b586&from=web&vjs=3
Python Developer,Firstsoft solutions,"Hartford, CT",https://www.indeed.com/viewjob?jk=bc28955ad054bfef&from=web&vjs=3
WPS Data Services Professional - Associate,"Nomura Holdings, Inc.",United States,https://www.indeed.com/viewjob?jk=0a5c2dfe82c4f573&from=web&vjs=3
Sr. Python Developer,Resiliency LLC,"Madison, NJ",https://www.indeed.com/viewjob?jk=e2e52b62a9820782&from=web&vjs=3
Junior Data Analyst,Urner Barry,"Toms River, NJ",https://www.indeed.com/viewjob?jk=95fdb4f48585dab3&from=web&vjs=3
Automated Test Engineer,Novetta,Virginia,https://www.indeed.com/viewjob?jk=67a85bf97ea0dfa1&from=web&vjs=3
DATA SCIENTIST,Belong.life,United States,https://www.indeed.com/viewjob?jk=c9d30ace421fe9ac&from=web&vjs=3
"Data Analyst, Growth",Omada Health,"San Francisco, CA",https://www.indeed.com/viewjob?jk=b3c54a6ea33a048b&from=web&vjs=3
Senior Python Developer,Solution Street,"Herndon, VA",https://www.indeed.com/viewjob?jk=a24b40db60d61639&from=web&vjs=3
Business Intelligence Engineer,Electronic Arts,"Austin, TX",https://www.indeed.com/viewjob?jk=1d7d2d397db48d1c&from=web&vjs=3
Quality Assurance Engineer,Amazon.com Services LLC,"Santa Monica, CA",https://www.indeed.com/viewjob?jk=dfc97ce63a2bb562&from=web&vjs=3
Sr.python/AWS Developer,TOPSYS IT,"Winston-Salem, NC",https://www.indeed.com/viewjob?jk=796ff1aa1c1bab04&from=web&vjs=3
"Business Intelligence Engineer, Alexa",Amazon.com Services LLC,"Seattle, WA",https://www.indeed.com/viewjob?jk=f94bf6ee11b9694a&from=web&vjs=3
Data Engineer,Digital Dhara,"Chandler, AZ",https://www.indeed.com/viewjob?jk=ff4a647701fa6cde&from=web&vjs=3
Sr Analyst - Retail,Catalina Marketing,Michigan,https://www.indeed.com/viewjob?jk=128cf7d8c62b8ce0&from=web&vjs=3
Software Engineer: Python Developer,Sav.com,"Chicago, IL",https://www.indeed.com/viewjob?jk=edfd4da43ad1ac96&from=web&vjs=3
C# .Net Application Developer,FulfillTeam,"Chapel Hill, NC",https://www.indeed.com/viewjob?jk=98f69f9b5e723d80&from=web&vjs=3
Data Pipeline Engineer @ Remote,TheRIIM LLC,"Portland, OR",https://www.indeed.com/viewjob?jk=dbfc314b1eb13237&from=web&vjs=3
JavaScript developer for Imunify360 UI team [remote],CloudLinux,"Palo Alto, CA",https://www.indeed.com/viewjob?jk=59afa158dea3f93c&from=web&vjs=3
Multi-omics Research Technologist,Los Alamos National Laboratory,"Los Alamos, NM",https://www.indeed.com/viewjob?jk=76746123375d54cc&from=web&vjs=3
Data Analytics Immersion Teaching Assistant (3.5 month Contract)- Thinkful A Chegg Online Learning Service,Chegg,Remote,https://www.indeed.com/viewjob?jk=cca1f3c1f3a56cb1&from=web&vjs=3
Business Innovation - Advisor,CVS Health,Arizona,https://www.indeed.com/viewjob?jk=5de4797814fda619&from=web&vjs=3
Senior Python Developer,eMoney Advisor,Remote,https://www.indeed.com/viewjob?jk=26ba7265eb0fd55f&from=web&vjs=3
Analyst,Blue State,"Washington, DC",https://www.indeed.com/viewjob?jk=8fd26e682df7e152&from=web&vjs=3
"Data Scientist Staff R, Python, Tableau, HANA, SQL - Orlando/Dallas",LOCKHEED MARTIN CORPORATION,"Orlando, FL",https://www.indeed.com/viewjob?jk=e371af0113789f8b&from=web&vjs=3
Software Engineer - Remote (Raleigh-Durham based),FarApp,"Raleigh, NC",https://www.indeed.com/viewjob?jk=0c686a047605c31f&from=web&vjs=3
Data Solutions Analyst II,ZoomInfo,"Waltham, MA",https://www.indeed.com/viewjob?jk=85380c4815787c1c&from=web&vjs=3
Land Change Scientist,ASRC Federal Holding Company,"Sioux Falls, SD",https://www.indeed.com/viewjob?jk=da60712a98311055&from=web&vjs=3
Jr. Software Developer,CyraCom,United States,https://www.indeed.com/viewjob?jk=e0593aace2fc77f9&from=web&vjs=3
"Data Scientist, Agriculture and Commodities",McKinsey & Company,"Denver, CO",https://www.indeed.com/viewjob?jk=fd7238079d669103&from=web&vjs=3
Breeder - Tomato,Bayer,California,https://www.indeed.com/viewjob?jk=eb0d15952109d63a&from=web&vjs=3
Mid-Level API / Integration Developer - REMOTE,General Dynamics Information Technology,Virginia,https://www.indeed.com/viewjob?jk=69041a9e82b964d3&from=web&vjs=3
Executive Assistant,Printforia,"Washougal, WA",https://www.indeed.com/viewjob?jk=c2e30a50551c4fc6&from=web&vjs=3
SOFTWARE ENGINEER (ENTRY-LEVEL),Bongo,"Loveland, CO",https://www.indeed.com/viewjob?jk=a0cff02a018273c8&from=web&vjs=3
Business Analyst - Shipper Platform,Convoy,"Seattle, WA",https://www.indeed.com/viewjob?jk=6ca790adf3c3e48e&from=web&vjs=3
"Software Engineer, Backend",Fathom Health,Remote,https://www.indeed.com/viewjob?jk=c3e57b5ce807a31b&from=web&vjs=3
Computer Vision/AI Engineer,arc.dev,Remote,https://www.indeed.com/viewjob?jk=4a54ff1f5d11fdc1&from=web&vjs=3
Cutting Edge Data Scientists,"INNOVIM, LLC",Massachusetts,https://www.indeed.com/viewjob?jk=fd1c1b979db9bf66&from=web&vjs=3
Sports Trader,FanDuel,"Jersey City, NJ",https://www.indeed.com/viewjob?jk=bfe62a3968352720&from=web&vjs=3
Data Technician (Full- or Part-Time),Thasos Group,"New York, NY",https://www.indeed.com/viewjob?jk=da727c0cddda240e&from=web&vjs=3
PYTHON DEVELOPER,Nextshift,"Raritan, NJ",https://www.indeed.com/viewjob?jk=1ad4e031a54894fe&from=web&vjs=3
Data Engineer,GradTests (gradtests.com.au),"Houston, TX",https://www.indeed.com/viewjob?jk=7ecd455367b35534&from=web&vjs=3
Software Engineer - Backend - Seattle,Uber,"Seattle, WA",https://www.indeed.com/viewjob?jk=cba6c9d6acbc8f36&from=web&vjs=3
Manual Tester,BiSoft,"Redmond, WA",https://www.indeed.com/viewjob?jk=f46d550113ee0b33&from=web&vjs=3
Analyst,Amperity,"Seattle, WA",https://www.indeed.com/viewjob?jk=7433d1615ec0c74d&from=web&vjs=3
Backend Engineer,"SecureX.AI, Inc.","San Francisco Bay Area, CA",https://www.indeed.com/viewjob?jk=00f812737faad2ab&from=web&vjs=3
IT Team Member,Mt. Hood Meadows,"Mount Hood Parkdale, OR",https://www.indeed.com/viewjob?jk=662b3a61d5cdbb84&from=web&vjs=3
Rotational Software Engineer,Facebook,"Menlo Park, CA",https://www.indeed.com/viewjob?jk=4396a682dc4179d1&from=web&vjs=3
IT Internship,NPower,"New York, NY",https://www.indeed.com/viewjob?jk=fae3bf7adc86ea00&from=web&vjs=3
Vulnerability Specialist- Houston,WhiteHat Security,Remote,https://www.indeed.com/viewjob?jk=1ba12b7eced88a33&from=web&vjs=3
Data Analyst,Foundation for California Community Colleges (FCCC...,"Sacramento, CA",https://www.indeed.com/viewjob?jk=1ec43e5f8f5214a3&from=web&vjs=3
Jr. Tableau Developer,"Synectics for Management Decisions, Inc","Alexandria, VA",https://www.indeed.com/viewjob?jk=86caa68f639b531a&from=web&vjs=3
Weather Analyst,MAXIMUS,"College Park, MD",https://www.indeed.com/viewjob?jk=e4bc49140afb20da&from=web&vjs=3
Jr Information Technology Infrastructure Support,"Mirador, LLC","Darien, CT",https://www.indeed.com/viewjob?jk=a4d10d48c7c1891f&from=web&vjs=3
NetApp Engineer,Avidity Solutions,"Norwell, MA",https://www.indeed.com/viewjob?jk=dd0f6dd55694cc47&from=web&vjs=3
Senior Call Center Analyst,Frontier Communications,"Fort Wayne, IN",https://www.indeed.com/viewjob?jk=154447483b8a8391&from=web&vjs=3
System Architect,iQuartic,"Boston, MA",https://www.indeed.com/viewjob?jk=8fca84bcd240c643&from=web&vjs=3
Infrared Detector Scientist,Attollo Engineering,"Camarillo, CA",https://www.indeed.com/viewjob?jk=336952ca51dd00fb&from=web&vjs=3
Senior Backend Engineer 8+ years (Python),SYSCON International,"South Bend, IN",https://www.indeed.com/viewjob?jk=2b07a451eed6b112&from=web&vjs=3
Senior Automation Engineer,tap|QA,"Minneapolis, MN",https://www.indeed.com/viewjob?jk=8ed66bd7da0c5de9&from=web&vjs=3
Senior Python Developer,eMoney Advisor,Remote,https://www.indeed.com/viewjob?jk=b59a2281d58eefdf&from=web&vjs=3
"AWS Cloud Engineer with Java, Python",Concepts Beyond,"Washington, DC",https://www.indeed.com/viewjob?jk=57238f714183ef7a&from=web&vjs=3
Software Engineer - Backend,MotionAuto,"Lehi, UT",https://www.indeed.com/viewjob?jk=d42337f843150657&from=web&vjs=3
Junior Web Developer,HealPay,"Ann Arbor, MI",https://www.indeed.com/viewjob?jk=707bef3d865041ae&from=web&vjs=3
Product Analyst,GradTests (gradtests.com.au),"Seattle, WA",https://www.indeed.com/viewjob?jk=5bc1090e38402ca4&from=web&vjs=3
Data Analyst (Coordinated Campaign),Democratic National Committee,Remote,https://www.indeed.com/viewjob?jk=a950b3f51924cd74&from=web&vjs=3
Engineering Software Developer,Vanderplaats R&D,United States,https://www.indeed.com/viewjob?jk=1117a65f5d7da0dc&from=web&vjs=3
Linux System Engineer,EidosMedia,Remote,https://www.indeed.com/viewjob?jk=c7aed998976d1e40&from=web&vjs=3
Data Scientist,Flipside Crypto,"Boston, MA",https://www.indeed.com/viewjob?jk=14faf390f8303631&from=web&vjs=3
Entry Level - Full stack developer / Junior Full stack developer,Dash Technologies Inc,"New York, NY",https://www.indeed.com/viewjob?jk=c95eda07ccaa641b&from=web&vjs=3
Full-Time Opportunities for Students or Recent Graduates: Finance Rotation Program Analyst,Microsoft,"Redmond, WA",https://www.indeed.com/viewjob?jk=1bb9177b40f90043&from=web&vjs=3
Python Developer,1974,"Princeton, NJ",https://www.indeed.com/viewjob?jk=444cb9daa3a208d8&from=web&vjs=3
Product Support Engineer,Logikcull,Remote,https://www.indeed.com/viewjob?jk=566087583e38c29d&from=web&vjs=3
Technical Writer,Amazon.com Services LLC,United States,https://www.indeed.com/viewjob?jk=63b968186bfd7ff4&from=web&vjs=3
Vendor Management with Strong Excel,"Del Oro Consulting, Inc.","Morrisville, NC",https://www.indeed.com/viewjob?jk=8a0d22c392502e36&from=web&vjs=3
Scientist,Split Biosciences,United States,https://www.indeed.com/viewjob?jk=106bcaebc19c54c3&from=web&vjs=3
National Vote-By-Mail Data Manager - 2020 Cycle Position,America Votes,"Washington, DC",https://www.indeed.com/viewjob?jk=57c9071590006999&from=web&vjs=3
Data Scientists (Modeling),Omnipoint Services Inc,"Dearborn, MI",https://www.indeed.com/viewjob?jk=dfff1a7b6d7652e7&from=web&vjs=3
"Full Stack Software Engineer, Remote",Canary Technologies,Remote,https://www.indeed.com/viewjob?jk=42b7fc424289a17b&from=web&vjs=3
Analytics Engineers - Industrial Experience - Virtual/Remote,Seeq Corporation,"Houston, TX",https://www.indeed.com/viewjob?jk=3066123c338be91a&from=web&vjs=3
Statistical Program Analyst I,Mayo Clinic,"Rochester, MN",https://www.indeed.com/viewjob?jk=0caad6813feffc4c&from=web&vjs=3
Senior Python Developer,"Three Peaks Resources, LLC","Denver, CO",https://www.indeed.com/viewjob?jk=8298be9fdbcf31d6&from=web&vjs=3
API & Data Services Application Developer - Data Centric,Synoptic Data,"Salt Lake City, UT",https://www.indeed.com/viewjob?jk=95ff70810fbeb190&from=web&vjs=3
Data Center Capacity Planner,Facebook,"Fremont, CA",https://www.indeed.com/viewjob?jk=ad4e7f6e9df87fa1&from=web&vjs=3
"Associate, Charter Schools",S&P Global,Illinois,https://www.indeed.com/viewjob?jk=a982fbe2abfffc10&from=web&vjs=3
Data Analyst,Axiologic Solutions,Colorado,https://www.indeed.com/viewjob?jk=49e4ba4e6b10e11f&from=web&vjs=3
"Contract Tech Writer, software developer doc; $50/hr W2, flex-time, 100% remote.",Synergistech,United States,https://www.indeed.com/viewjob?jk=e5eea03ecaf26a9f&from=web&vjs=3
Python Software Engineer,TapRecruit,"Washington, DC",https://www.indeed.com/viewjob?jk=7c6caf6a2fd07744&from=web&vjs=3
Principal Python Software Engineer,Railroad19,"Los Angeles, CA",https://www.indeed.com/viewjob?jk=898e90c5e0e8993e&from=web&vjs=3
Applied Research Engineer (direct hire/full time/remote),Deep Labs,Remote,https://www.indeed.com/viewjob?jk=6c9ae92711473af5&from=web&vjs=3
"Data Engineer, BI Engineering (Python/SQL)",Vimeo,"New York, NY",https://www.indeed.com/viewjob?jk=65b206b832d694e6&from=web&vjs=3
Cutting Edge Operations Research Analysts,"INNOVIM, LLC",Massachusetts,https://www.indeed.com/viewjob?jk=2161318b38cf851c&from=web&vjs=3
Algo Software Engineer (C++/Python),Hudson River Trading,"New York, NY",https://www.indeed.com/viewjob?jk=c7c193ae35f5bad7&from=web&vjs=3
"Senior Database Developer (Python, XML exp is mandatory)",Zenaide Technologies,"Houston, TX",https://www.indeed.com/viewjob?jk=4cc67f1ad211ef27&from=web&vjs=3
Software Engineer (SWE),Third Wave Automation,"Union City, CA",https://www.indeed.com/viewjob?jk=8105ee18970b0fd3&from=web&vjs=3
Junior Cloud Security Engineer,IHS Markit,"Boulder, CO",https://www.indeed.com/viewjob?jk=39948493b82bee1d&from=web&vjs=3
Junior Cloud Security Engineer,Ipreo,"Boulder, CO",https://www.indeed.com/viewjob?jk=a8d2849fbe73bc1d&from=web&vjs=3
Fullstack Software Engineer II - Python,HEB,"San Antonio, TX",https://www.indeed.com/viewjob?jk=05bd40d52d654243&from=web&vjs=3
Quantitative UX Researcher,Facebook,"Seattle, WA",https://www.indeed.com/viewjob?jk=0de4a4d5f7dd878e&from=web&vjs=3
Data Engineer,Panasonic Energy of North America,"Sparks, NV",https://www.indeed.com/viewjob?jk=46568d50ecb40f23&from=web&vjs=3
Junior Data Analyst,Motivate LLC,New York State,https://www.indeed.com/viewjob?jk=be5c07c4d217fa41&from=web&vjs=3
"Research Scientist, Economics",Facebook,"Menlo Park, CA",https://www.indeed.com/viewjob?jk=11906fa615235d9f&from=web&vjs=3
Workforce Analytics Researcher,Facebook,"Austin, TX",https://www.indeed.com/viewjob?jk=2e6c4fb8d0527884&from=web&vjs=3
Postdoctoral Scholar,UNC-Chapel Hill,"Chapel Hill, NC",https://www.indeed.com/viewjob?jk=eb6811aa327c9f1e&from=web&vjs=3
Business Operations Strategy Analyst,Apple,"Santa Clara Valley, CA",https://www.indeed.com/viewjob?jk=44baf3da0bd92834&from=web&vjs=3
Healthcare Data/Reporting Analyst,Ace-stack LLC,"New York, NY",https://www.indeed.com/viewjob?jk=5622723d2b09fd30&from=web&vjs=3
Java Developer,Pernix,"Charlotte, NC",https://www.indeed.com/viewjob?jk=12574869ef2280af&from=web&vjs=3
PLSQL developer,Opus Consulting Solutions,"Atlanta, GA",https://www.indeed.com/viewjob?jk=6e43b3aaac1bed86&from=web&vjs=3
QA Selenium Tester,Quality Global Services Inc,"Franklin Lakes, NJ",https://www.indeed.com/viewjob?jk=c67792dd18e637b7&from=web&vjs=3
Data Analyst,AdamsGabbert,"Lenexa, KS",https://www.indeed.com/viewjob?jk=7542f67cb60d47eb&from=web&vjs=3
Software Developer,Luminous Analytics,"New York, NY",https://www.indeed.com/viewjob?jk=9171272c6ed6ae5e&from=web&vjs=3
Data Scientist,WWT,"Nashville, TN",https://www.indeed.com/viewjob?jk=a489b1fe9fa5d12e&from=web&vjs=3
Business Analyst,Snow Commerce,"Cincinnati, OH",https://www.indeed.com/viewjob?jk=626fd478aa0d164b&from=web&vjs=3
BI Engineer - Remote PositionNA,Infotree Service Inc,United States,https://www.indeed.com/viewjob?jk=b2d0e9f7986cb143&from=web&vjs=3
Geophysicist (503064),Aramco Services Company,"Houston, TX",https://www.indeed.com/viewjob?jk=d63945e7000d36c7&from=web&vjs=3
Business Intelligence Specialist - US Remote or City of Industry,NZXT,"Industry, CA",https://www.indeed.com/viewjob?jk=f499e5ad318e300b&from=web&vjs=3
Python Developer (GC Holder or US citizen),CLS Bank International,"Herndon, VA",https://www.indeed.com/viewjob?jk=ffb7f971268a6c1f&from=web&vjs=3
Quantitative Trader,Quantlab,"Houston, TX",https://www.indeed.com/viewjob?jk=4ac2b57b6b9f6f46&from=web&vjs=3
Python Developer,intellectt,"Dallas, TX",https://www.indeed.com/viewjob?jk=da757cb41e877825&from=web&vjs=3
Associate RPA Developer,Sunrun,"Denver, CO",https://www.indeed.com/viewjob?jk=e60f2e080cc31339&from=web&vjs=3
Business Analyst,"PillPack, LLC","Taylorsville, UT",https://www.indeed.com/viewjob?jk=d45ed2ad159702e3&from=web&vjs=3
"Product Manager, Security",BlockFi,Remote,https://www.indeed.com/viewjob?jk=4864e7c150df7b23&from=web&vjs=3
Senior People Analyst (Headcount),Wayfair,"Boston, MA",https://www.indeed.com/viewjob?jk=30530a48ddaac704&from=web&vjs=3
Python Developer,Alderson Loop,"Owings Mills, MD",https://www.indeed.com/viewjob?jk=c149f0ea8822d9db&from=web&vjs=3
Intelligence Analyst (Remote),CrowdStrike,United States,https://www.indeed.com/viewjob?jk=87a481b923cf414f&from=web&vjs=3
Business intelligence Developer,Aborn & Co.,"Norwell, MA",https://www.indeed.com/viewjob?jk=2d39e5408e045ec8&from=web&vjs=3
"Research Scientist, Applied Perception Science",Facebook,"Redmond, WA",https://www.indeed.com/viewjob?jk=d42e82bf9c5b5cbb&from=web&vjs=3
CNO Developer Senior (C++ and Python),ManTech International Corporation,"Aurora, CO",https://www.indeed.com/viewjob?jk=de6ed36d5fcaf43a&from=web&vjs=3
Python Developer,Hibou Corp.,United States,https://www.indeed.com/viewjob?jk=9f2fc32ab2aa30ed&from=web&vjs=3
System Architect,iQuartic,"Boston, MA",https://www.indeed.com/viewjob?jk=8fca84bcd240c643&from=web&vjs=3
Senior Call Center Analyst,Frontier Communications,"Fort Wayne, IN",https://www.indeed.com/viewjob?jk=154447483b8a8391&from=web&vjs=3
Python Developer,Systemonex INC,"New York, NY",https://www.indeed.com/viewjob?jk=261a6748688d29d6&from=web&vjs=3
Python Developer,Systech Corp,Remote,https://www.indeed.com/viewjob?jk=4d6e2b42ed19c1ec&from=web&vjs=3
Infrared Detector Scientist,Attollo Engineering,"Camarillo, CA",https://www.indeed.com/viewjob?jk=336952ca51dd00fb&from=web&vjs=3
Senior Automation Engineer,tap|QA,"Minneapolis, MN",https://www.indeed.com/viewjob?jk=8ed66bd7da0c5de9&from=web&vjs=3
Senior Python Developer,eMoney Advisor,Remote,https://www.indeed.com/viewjob?jk=b59a2281d58eefdf&from=web&vjs=3
"Hiring for Senior Python Developer in Houston, TX 77002",Koreminds LLC,"Houston, TX",https://www.indeed.com/viewjob?jk=6a828cd6289f3465&from=web&vjs=3
Data Scientist,Mobile Programming,"Irvine, CA",https://www.indeed.com/viewjob?jk=df4e6af65c173ecb&from=web&vjs=3
SQL Developer,Institute for Medical Research,"Durham, NC",https://www.indeed.com/viewjob?jk=9bd130c2f3789608&from=web&vjs=3
Machine Learning Engineer Intern,Magic Brush,"Los Angeles, CA",https://www.indeed.com/viewjob?jk=43164b37e39d8980&from=web&vjs=3
"Risk Analyst, Trust and Safety",Facebook,"Austin, TX",https://www.indeed.com/viewjob?jk=68b57c1c4f92d253&from=web&vjs=3
Senior Python Developer,OMBU,"Portland, OR",https://www.indeed.com/viewjob?jk=d13b06d1113de40c&from=web&vjs=3
Python Developer,Stier Solutions,"Menlo Park, CA",https://www.indeed.com/viewjob?jk=1af40020baa8becf&from=web&vjs=3
Data Specialist,WHC Worldwide,"Leawood, KS",https://www.indeed.com/viewjob?jk=9cdbf2f392ee000e&from=web&vjs=3
Fall 2020 DNC Technology Internship,Democratic National Committee,"Washington, DC",https://www.indeed.com/viewjob?jk=e1f8327cbf26e39c&from=web&vjs=3
Project Assistant,USC,"Marina del Rey, CA",https://www.indeed.com/viewjob?jk=b72e1779041d3acb&from=web&vjs=3
Data Engineer (Python /AWS / Snowflake),Castlight Health,"San Francisco, CA",https://www.indeed.com/viewjob?jk=aa7071f5d150c467&from=web&vjs=3
QA Engineer II,Toast,Massachusetts,https://www.indeed.com/viewjob?jk=ce388bc051139544&from=web&vjs=3
Data Analyst,"Edison Software, Inc.","Denver, CO",https://www.indeed.com/viewjob?jk=641c68f5e49c5fa7&from=web&vjs=3
Python Developer,Epsilon,"San Diego, CA",https://www.indeed.com/viewjob?jk=cac923b5adcd1891&from=web&vjs=3
Engineering,RStudio,United States,https://www.indeed.com/viewjob?jk=f30a28ed7d8cf1fe&from=web&vjs=3
Project Assistant,USC,"Marina del Rey, CA",https://www.indeed.com/viewjob?jk=b72e1779041d3acb&from=web&vjs=3
Data Engineer (Python /AWS / Snowflake),Castlight Health,"San Francisco, CA",https://www.indeed.com/viewjob?jk=aa7071f5d150c467&from=web&vjs=3
QA Engineer II,Toast,Massachusetts,https://www.indeed.com/viewjob?jk=ce388bc051139544&from=web&vjs=3
Data Analyst,"Edison Software, Inc.","Denver, CO",https://www.indeed.com/viewjob?jk=641c68f5e49c5fa7&from=web&vjs=3
Python Developer,Epsilon,"San Diego, CA",https://www.indeed.com/viewjob?jk=cac923b5adcd1891&from=web&vjs=3
Engineering,RStudio,United States,https://www.indeed.com/viewjob?jk=f30a28ed7d8cf1fe&from=web&vjs=3
Python Developer,"Artemis Consulting, Inc.","Washington, DC",https://www.indeed.com/viewjob?jk=ae5ea0e21efafcdd&from=web&vjs=3
Anti-Scraping Investigator,Facebook,"Washington, DC",https://www.indeed.com/viewjob?jk=25635dda99416e9c&from=web&vjs=3
Data Associate,JOYN BIO,"Boston, MA",https://www.indeed.com/viewjob?jk=4abf7c11c2c22105&from=web&vjs=3
Breeder II,Bayer,Missouri,https://www.indeed.com/viewjob?jk=7f9b5fe35c27245a&from=web&vjs=3
"Python Developer, Junior",Trillion Technology Solutions,"Reston, VA",https://www.indeed.com/viewjob?jk=540f1f2bf5496d87&from=web&vjs=3
Machine Learning Internship,Percolata Corporation,"Palo Alto, CA",https://www.indeed.com/viewjob?jk=4916db701447e286&from=web&vjs=3
Redhat Engineer,Horizon Corp,"Charlotte, NC",https://www.indeed.com/viewjob?jk=f2cc504b7317affe&from=web&vjs=3
Python Developer,STPL,"San Mateo, CA",https://www.indeed.com/viewjob?jk=da2477680ee9b659&from=web&vjs=3
Remote Principal Python Software Engineer,Endurance International Group,Utah,https://www.indeed.com/viewjob?jk=5098c671235bf0b6&from=web&vjs=3
Senior Data Scientist,Twitter,United States,https://www.indeed.com/viewjob?jk=dc8140b24924f5f6&from=web&vjs=3
"Risk Analyst, Trust and Safety",Facebook,"Austin, TX",https://www.indeed.com/viewjob?jk=68b57c1c4f92d253&from=web&vjs=3
Python Django Backend Specialist,Bixly Inc,"Fresno, CA",https://www.indeed.com/viewjob?jk=5e3872b48d0c1128&from=web&vjs=3
Data Integration Developer (Python),Blast Analytics & Marketing,Remote,https://www.indeed.com/viewjob?jk=8b956641e11b77df&from=web&vjs=3
IT Associate,Community Outreach Group,"Washington, DC",https://www.indeed.com/viewjob?jk=b28658332688afc5&from=web&vjs=3
Senior Python/Django Engineering,SHERPANY,Remote,https://www.indeed.com/viewjob?jk=ee66a2a83ce34d66&from=web&vjs=3
Data Analyst,Comlinkdata,"Boston, MA",https://www.indeed.com/viewjob?jk=a62b2ebf074bb7fe&from=web&vjs=3
Data Analyst,ADVENT,"Wauwatosa, WI",https://www.indeed.com/viewjob?jk=9bf2d6cf95faebf8&from=web&vjs=3
Python Developer - in house only - for immediate hiring,Mbs Standoffs,"Tampa, FL",https://www.indeed.com/viewjob?jk=b1e0595f6398c27c&from=web&vjs=3
Remote Principal Python Software Engineer,Endurance International Group,Utah,https://www.indeed.com/viewjob?jk=5098c671235bf0b6&from=web&vjs=3
Python Developers,Kynite,"Fargo, ND",https://www.indeed.com/viewjob?jk=224481bea6e336bf&from=web&vjs=3
Salesforce Developer,Shift7 Digital,North Carolina,https://www.indeed.com/viewjob?jk=40f1e8fe932c8fde&from=web&vjs=3
"Numeric Technologies, Inc is looking for a Sr. Python Developer to provide services for our Client:",Numeric Technologies,United States,https://www.indeed.com/viewjob?jk=deddb75a9835277f&from=web&vjs=3
Web Developer- Must Know Python Django Code,RSN,"Irvine, CA",https://www.indeed.com/viewjob?jk=49bea70bed1cc8da&from=web&vjs=3
Python Test Engineer,Digital Dhara,"San Jose, CA",https://www.indeed.com/viewjob?jk=89a2584948041c37&from=web&vjs=3
Policy and Statistical Analyst,City of Seattle,"Seattle, WA",https://www.indeed.com/viewjob?jk=703613cc83e1f75e&from=web&vjs=3
"Senior Full-Stack Engineer (QT/ PyQT, C/Python)",EPAM Systems,United States,https://www.indeed.com/viewjob?jk=5b9afa5c76e92f65&from=web&vjs=3
Software Architect with Python/Django (f/m/d),castLabs,"Berlin, OR",https://www.indeed.com/viewjob?jk=8b0f05e0de964751&from=web&vjs=3
Selenium-Python QA Analyst Instructor,"SAM Consulting Services, Inc.","New York, NY",https://www.indeed.com/viewjob?jk=2316c04401cb03c4&from=web&vjs=3
Associate Services Engineer,Indiana University,"Bloomington, IN",https://www.indeed.com/viewjob?jk=e139b66ebe82faab&from=web&vjs=3
Postdoctoral Scientist,Research Foundation of The City University of New...,"New York, NY",https://www.indeed.com/viewjob?jk=610a68b030324c15&from=web&vjs=3
Data Analyst,"EDO, Inc.","New York, NY",https://www.indeed.com/viewjob?jk=a66ed91be6749bd5&from=web&vjs=3
DevOps Engineer,Privo,Arizona,https://www.indeed.com/viewjob?jk=bcaab554f00ecc0b&from=web&vjs=3
Software Engineer,Swift Health Systems Inc.,"Irvine, CA",https://www.indeed.com/viewjob?jk=c0abe15389779068&from=web&vjs=3
Data Scientist,Facebook,"Fremont, CA",https://www.indeed.com/viewjob?jk=dde5ef0806e098c9&from=web&vjs=3
MacOS Developer,Parsoft LLC,"Emeryville, CA",https://www.indeed.com/viewjob?jk=fd0792aca52a814f&from=web&vjs=3
"Healthcare Economics Consultant, OptumCare",UnitedHealth Group,"Eden Prairie, MN",https://www.indeed.com/viewjob?jk=482e8f9025559597&from=web&vjs=3
Database Developer,Wipro,"Austin, TX",https://www.indeed.com/viewjob?jk=7c7f3fbe881f1609&from=web&vjs=3
Software Engineers & Web Developers,1DocWay,"New York, NY",https://www.indeed.com/viewjob?jk=597b9830f39b5420&from=web&vjs=3
R programmer,"Cytel, Inc (USA)",United States,https://www.indeed.com/viewjob?jk=bfd5e39d1b37d80e&from=web&vjs=3
"Software Engineer, Backend",Cockroach Labs,New York State,https://www.indeed.com/viewjob?jk=d4a6a0bda53b46b8&from=web&vjs=3
Developer II - Python,Convene Technologies,"San Antonio, TX",https://www.indeed.com/viewjob?jk=113594cc7cc4aee6&from=web&vjs=3
Senior Analyst,Known,"Seattle, WA",https://www.indeed.com/viewjob?jk=6c6573b3746b46dc&from=web&vjs=3
Project Coordinator and Analyst,Legal Services Corporation,"Washington, DC",https://www.indeed.com/viewjob?jk=612641ce0ae9de84&from=web&vjs=3
Data Analyst - May '20 Grads,Aberdeen,"Wilton, CT",https://www.indeed.com/viewjob?jk=cab671630a6b2fef&from=web&vjs=3
Python Developer TS clearance required,Jacobs,"Chantilly, VA",https://www.indeed.com/viewjob?jk=0761589ac4e7d8ed&from=web&vjs=3
Software Engineer,Triplebyte,Remote,https://www.indeed.com/viewjob?jk=3d6209e8f4a7dcae&from=web&vjs=3
Shared Services Data Developer (Remote),Paycor,"Cincinnati, OH",https://www.indeed.com/viewjob?jk=e6fde25351c9e9c9&from=web&vjs=3
Software Engineer (Entry Level),Saama Technologies Inc,"Bridgewater, NJ",https://www.indeed.com/viewjob?jk=162baa4b226db4e9&from=web&vjs=3
Senior Software Engineer/Java,MARS Group,"Milwaukee, WI",https://www.indeed.com/viewjob?jk=254c96a2f5ece856&from=web&vjs=3
"AI/ML , Data Engineer",Themesoft,"Chicago, IL",https://www.indeed.com/viewjob?jk=2bf9370fbeda2476&from=web&vjs=3
"Python Software Engineer - Artificial Intelligence - Autonomous Driving - San Diego, CA",TuSimple,"San Francisco, CA",https://www.indeed.com/viewjob?jk=ccdc89632fbf4aa0&from=web&vjs=3
BI & Analytics Engineer,Cameo,Illinois,https://www.indeed.com/viewjob?jk=c3288f446c643c97&from=web&vjs=3
Data Analyst,Ann & Robert H. Lurie Children's Hospital of Chica...,"Chicago, IL",https://www.indeed.com/viewjob?jk=a653ab8ceb81167e&from=web&vjs=3
Data Assistant,Northwestern University,"Evanston, IL",https://www.indeed.com/viewjob?jk=efad098ad83cbae2&from=web&vjs=3
Full-Stack Software Engineer (Full-Time),Aware Healthcare,California,https://www.indeed.com/viewjob?jk=63db2f176e59e85e&from=web&vjs=3
"Software Engineer, Data Integrations",Transfix.io,Remote,https://www.indeed.com/viewjob?jk=ae06bb369fada965&from=web&vjs=3
Automated Driving Researcher,eShocan LLC,"Mountain View, CA",https://www.indeed.com/viewjob?jk=963341d4814cded3&from=web&vjs=3
DevOps Engineer,StackOverdrive.io,Remote,https://www.indeed.com/viewjob?jk=8d8420af62876bf7&from=web&vjs=3
Hadoop Developer,OPULENTSOFT,"San Jose, CA",https://www.indeed.com/viewjob?jk=c3e921e42e2a5ac2&from=web&vjs=3
python-developer,Primafelicitas,"San Francisco, CA",https://www.indeed.com/viewjob?jk=7363bacb02a91ef9&from=web&vjs=3
Junior Software Engineer,GoodLooking,"Austin, TX",https://www.indeed.com/viewjob?jk=d8f784a61508edaf&from=web&vjs=3
IT Associate,Tuff City Records,"New York, NY",https://www.indeed.com/viewjob?jk=1af69db7464eabd2&from=web&vjs=3
Ecosystem Modeling Research Associate,U.S. Environmental Protection Agency (EPA),"Gulf Breeze, FL",https://www.indeed.com/viewjob?jk=4323461a46d04a98&from=web&vjs=3
Data Engineer Healthcare - Knoxville,Verana Health,United States,https://www.indeed.com/viewjob?jk=9435489fc267b043&from=web&vjs=3
Data Analyst - News and Production,Lee Enterprises,"Davenport, IA",https://www.indeed.com/viewjob?jk=728af19b50a6e8e4&from=web&vjs=3
Senior Python Developer,Enterprise Knowledge (EK),"Arlington, VA",https://www.indeed.com/viewjob?jk=33a8de538f0f5f03&from=web&vjs=3
"Software Engineer, Self Care & Fitness",Facebook,"Menlo Park, CA",https://www.indeed.com/viewjob?jk=e7f7a0500783f173&from=web&vjs=3
"Associate Scientist--(clinical trials, Python,R Scripting)",Infotree Service Inc,"San Francisco, CA",https://www.indeed.com/viewjob?jk=1c3ea984e06403bd&from=web&vjs=3
Research Assistant / Research Associate,Woods Hole Oceanographic Institution,"Woods Hole, MA",https://www.indeed.com/viewjob?jk=8b1341615937268b&from=web&vjs=3
"Need python and pyspark Architect at Minneapolis , Minnesota",Infoville Inc,"Minneapolis, MN",https://www.indeed.com/viewjob?jk=179b119e005fc42e&from=web&vjs=3
"Data Scientist, Climate Analytics",McKinsey & Company,"Denver, CO",https://www.indeed.com/viewjob?jk=f2e6bbbf04636906&from=web&vjs=3
"Applied AI Scientist, Adaptive Experimentation",Facebook,"Menlo Park, CA",https://www.indeed.com/viewjob?jk=4e5616120cc19eca&from=web&vjs=3
International Data and Research Fellow,National Wildlife Federation,"Washington, DC",https://www.indeed.com/viewjob?jk=dacc6ec1f89f9095&from=web&vjs=3
Product Specialist,Rockerbox,"New York, NY",https://www.indeed.com/viewjob?jk=c4ddae86cb4509ae&from=web&vjs=3
Python Scripting and Tool Development Online Instructor,The Los Angeles Film School,"Winter Park, FL",https://www.indeed.com/viewjob?jk=84c5b3602e97e05a&from=web&vjs=3
"Norwell, MA Based Salesforce Developer",UberJets,"Norwell, MA",https://www.indeed.com/viewjob?jk=dfef52069a24e38f&from=web&vjs=3
Python Developer,Vision Technology Services,"King of Prussia, PA",https://www.indeed.com/viewjob?jk=d7d01937169c78f6&from=web&vjs=3
Infrared Detector Scientist,Attollo Engineering,"Camarillo, CA",https://www.indeed.com/viewjob?jk=336952ca51dd00fb&from=web&vjs=3
Python Developer,Hibou Corp.,United States,https://www.indeed.com/viewjob?jk=9f2fc32ab2aa30ed&from=web&vjs=3
Python Developer,Systech Corp,Remote,https://www.indeed.com/viewjob?jk=4d6e2b42ed19c1ec&from=web&vjs=3
Python Developer,Systemonex INC,"New York, NY",https://www.indeed.com/viewjob?jk=261a6748688d29d6&from=web&vjs=3
Senior Python Developer,eMoney Advisor,Remote,https://www.indeed.com/viewjob?jk=b59a2281d58eefdf&from=web&vjs=3
Data Analytics Co-op/Intern - Fall 2020,"Honda R&D Americas, Inc.",United States,https://www.indeed.com/viewjob?jk=ba32d8ee7976a094&from=web&vjs=3
Jr. Software Developer (Java/ Python) - USC/GC - T,Select Group,"Tampa, FL",https://www.indeed.com/viewjob?jk=2ef3fe72cf10d996&from=web&vjs=3
Lead Python Developer,Epsilon,"San Diego, CA",https://www.indeed.com/viewjob?jk=3222ed3d2248cdc4&from=web&vjs=3
"Senior Data Analyst (Remote, USA, Full-Time)",4 Mile Analytics,Remote,https://www.indeed.com/viewjob?jk=9c18638551615df6&from=web&vjs=3
"Software Developer (Python, Pyspark, Pig)",Park Computer Systems INC,"Newark, CA",https://www.indeed.com/viewjob?jk=d2c4f6b1270a086b&from=web&vjs=3
Software Engineer,Oktana,"Charleston, WV",https://www.indeed.com/viewjob?jk=27c043274ee118fd&from=web&vjs=3
Threat Intelligence Specialist,Proofpoint,"Richmond, VA",https://www.indeed.com/viewjob?jk=3fa18fb3a7f441c9&from=web&vjs=3
Quality Assurance Engineer,"BlackBag Technologies, Inc.",Remote,https://www.indeed.com/viewjob?jk=26e2851423d254d8&from=web&vjs=3
"Descriptive Analytics Data Analyst, IB","Jefferies & Company, Inc.","New York, NY",https://www.indeed.com/viewjob?jk=725cafc936461c97&from=web&vjs=3
Looking for Python Developer w/SAS,Zllius Inc,"Washington, DC",https://www.indeed.com/viewjob?jk=93efba8fab36bca9&from=web&vjs=3
"Integration lead (Python, Microservices, CI/CD)",Techera,"Lake Forest, CA",https://www.indeed.com/viewjob?jk=4d54770073ea343b&from=web&vjs=3
"Software Engineer (python, backend)",Big Data Federation,"Santa Clara, CA",https://www.indeed.com/viewjob?jk=306c7a01fa390d13&from=web&vjs=3
Product Analyst,Game Insight,Remote,https://www.indeed.com/viewjob?jk=04f896b9be09f77a&from=web&vjs=3
Sr. Python Developer,"Pegasus Scientific and Professional Services, LLC","Woods Hole, MA",https://www.indeed.com/viewjob?jk=12593690b2b54325&from=web&vjs=3
"Software Dev INTERN C++/python - Computer Vision, DL, GUI, Plugins",CharacterFaceGen CFG,"New York, NY",https://www.indeed.com/viewjob?jk=7039e25f68240ad5&from=web&vjs=3
Python Developer,Systemonex INC,"New York, NY",https://www.indeed.com/viewjob?jk=261a6748688d29d6&from=web&vjs=3
Infrared Detector Scientist,Attollo Engineering,"Camarillo, CA",https://www.indeed.com/viewjob?jk=336952ca51dd00fb&from=web&vjs=3
Python Developer,Vision Technology Services,"King of Prussia, PA",https://www.indeed.com/viewjob?jk=d7d01937169c78f6&from=web&vjs=3
Quality Assurance Automation Engineer (remote),Illuminate Education,"Time, IL",https://www.indeed.com/viewjob?jk=1e9d84e64597a5f4&from=web&vjs=3
Python Developer,SelectMinds,"Miami, FL",https://www.indeed.com/viewjob?jk=bdeaf012405e3212&from=web&vjs=3
ETL Developer,eTek IT Service | Savvysol,"Owings Mills, MD",https://www.indeed.com/viewjob?jk=7b1cc5a0bfe2d172&from=web&vjs=3
Application Developer,GEO Jobe GIS Consulting,"Gulfport, MS",https://www.indeed.com/viewjob?jk=663207a728fb7a71&from=web&vjs=3
Engineering Intern,Cleveland Electric Labs,"Tempe, AZ",https://www.indeed.com/viewjob?jk=d77ba8a07497950a&from=web&vjs=3
"Applied AI Scientist, Adaptive Experimentation",Facebook,"Menlo Park, CA",https://www.indeed.com/viewjob?jk=4e5616120cc19eca&from=web&vjs=3
SDET - Automation Engineer,Infosec,"Madison, WI",https://www.indeed.com/viewjob?jk=d6acaafd1a44e4e6&from=web&vjs=3
Software Engineer I,JB Hunt,"Lowell, AR",https://www.indeed.com/viewjob?jk=b4caa4d178364964&from=web&vjs=3
Python Developer,Greenphire,"King of Prussia, PA",https://www.indeed.com/viewjob?jk=e0793e7083cb7652&from=web&vjs=3
Data Scientist - Full time,IST Inc.,"Birmingham, AL",https://www.indeed.com/viewjob?jk=190051d586b4f9be&from=web&vjs=3
Cloud Engineer,KeenLogic,Remote,https://www.indeed.com/viewjob?jk=01a304499895d58d&from=web&vjs=3
Analyst,Actuarial Strategies and Tactics,"Scottsdale, AZ",https://www.indeed.com/viewjob?jk=49151bec15d52cfe&from=web&vjs=3
Senior Python Developer,Enterprise Knowledge (EK),"Arlington, VA",https://www.indeed.com/viewjob?jk=33a8de538f0f5f03&from=web&vjs=3
Part-Time Economic Analyst/Editors,Utofun Inc.,"New York, NY",https://www.indeed.com/viewjob?jk=93aa91e14f42655e&from=web&vjs=3
Business Development Associate - Strategy Analytics,"Bainbridge, Inc.",Remote,https://www.indeed.com/viewjob?jk=b1c20a2433fe2e49&from=web&vjs=3
Senior Data Analyst / Senior BI and Insights Analyst,"Quantilus, Inc","Round Rock, TX",https://www.indeed.com/viewjob?jk=396f5ab0a43bbe4f&from=web&vjs=3
Cartographer,Apple,"Santa Clara Valley, CA",https://www.indeed.com/viewjob?jk=376e737fbb5ef41b&from=web&vjs=3
Entry Level UX/UI Developer,Advanced IT Labs Inc.,"Orlando, FL",https://www.indeed.com/viewjob?jk=0c742b27655d1d77&from=web&vjs=3
QA Analyst (Manual testing),Wish,"San Francisco, CA",https://www.indeed.com/viewjob?jk=754c6fff8c8c468d&from=web&vjs=3
Machine Learning/AI Researcher,SCOTTY,"San Francisco, CA",https://www.indeed.com/viewjob?jk=ea5b37aab7018bdc&from=web&vjs=3
Bioinformatics Engineer,"Day Zero Diagnostics, Inc.","Boston, MA",https://www.indeed.com/viewjob?jk=948738f2c5e13f53&from=web&vjs=3
Technology Teacher,IDEA Public Schools,"San Antonio, TX",https://www.indeed.com/viewjob?jk=31f4cb3d0bb69a3a&from=web&vjs=3
Faculty for Business Analytics,EF Education First,"Boston, MA",https://www.indeed.com/viewjob?jk=b97fe693352000ed&from=web&vjs=3
Senior Backend Engineer-Java or Python,Kbyte Systems LLC.,"San Francisco, CA",https://www.indeed.com/viewjob?jk=b42fbdece0cbf1b7&from=web&vjs=3
Technical Support Engineer (Remote),Dataiku,Remote,https://www.indeed.com/viewjob?jk=7278dff575c556a3&from=web&vjs=3
Data + Business Intelligence Analyst,Duolingo,"New York, NY",https://www.indeed.com/viewjob?jk=8a315d810c90c174&from=web&vjs=3
Network Operations Engineer,Megaport,"San Francisco Bay Area, CA",https://www.indeed.com/viewjob?jk=c049990da1eb0061&from=web&vjs=3
Jr. Consultant,Nutanix,"Detroit, MI",https://www.indeed.com/viewjob?jk=cafc8eba39d35fcd&from=web&vjs=3
Front End developer/ Full stack (transfer accepted),Avancer Corporation,"East Liberty, OH",https://www.indeed.com/viewjob?jk=5eb9c7e2be359211&from=web&vjs=3
"Software Engineer, Intern/Co-op",Facebook,"Sausalito, CA",https://www.indeed.com/viewjob?jk=be563c142bf3913c&from=web&vjs=3
Freelance 3D Generalist,MOONDOG ANIMATION STUDIO,"Mount Pleasant, SC",https://www.indeed.com/viewjob?jk=ecb0d24e447f050c&from=web&vjs=3
Junior Data Analyst,MJH Life Sciences?,"Cranbury, NJ",https://www.indeed.com/viewjob?jk=a21ca30c2085acc1&from=web&vjs=3
Sr. Data Analyst,Housecall Pro,California,https://www.indeed.com/viewjob?jk=0c48f9caecbbfb09&from=web&vjs=3
Statistician,NLP Logix,Florida,https://www.indeed.com/viewjob?jk=78eb4a8cafc5fb58&from=web&vjs=3
Quantitative Sports Researcher,Susquehanna International Group,"Philadelphia, PA",https://www.indeed.com/viewjob?jk=ac8905ce79238d20&from=web&vjs=3
"Backend Engineer, Data Processing – Rust (Remote)",kraken,Remote,https://www.indeed.com/viewjob?jk=6e9034c6e558b03b&from=web&vjs=3
Public Health Data Visualization Analyst,Lantana Consulting Group,"Iowa City, IA",https://www.indeed.com/viewjob?jk=6f8ba38db5d8aef0&from=web&vjs=3
Software Engineer,Anyscale,"Berkeley, CA",https://www.indeed.com/viewjob?jk=82eae42dea9273ba&from=web&vjs=3
Analyst,Edmunds.com,"Santa Monica, CA",https://www.indeed.com/viewjob?jk=ff1cf87016e15f8e&from=web&vjs=3
Site Reliability Engineer (Remote),Moogsoft,United States,https://www.indeed.com/viewjob?jk=616a93179539f265&from=web&vjs=3
Data Scientist,Linksbridge,"Seattle, WA",https://www.indeed.com/viewjob?jk=939556673009766a&from=web&vjs=3
Surface Development Engineer,GENTEX OPTICS INC,"Dudley, MA",https://www.indeed.com/viewjob?jk=83498cc8fa4abbf5&from=web&vjs=3
Virtual Tampa Hackathon,Citi,"Tampa, FL",https://www.indeed.com/viewjob?jk=8cfd99602a443131&from=web&vjs=3
Developer,DataLab USA,"Germantown, MD",https://www.indeed.com/viewjob?jk=e649dbc264210180&from=web&vjs=3
AEM Architect (Remote),ICF,Minnesota,https://www.indeed.com/viewjob?jk=ebf0ee7d8574253e&from=web&vjs=3
Manual QA Engineer,"BYTEMARK, INC","Austin, TX",https://www.indeed.com/viewjob?jk=3f3923aaab592be0&from=web&vjs=3
Data Analyst,HOLE Group,"Houston, TX",https://www.indeed.com/viewjob?jk=5c0659499a37878b&from=web&vjs=3
Kronos Analyst with Testing,Zentek Infosoft Inc,"Austin, TX",https://www.indeed.com/viewjob?jk=fbb418b9e258a382&from=web&vjs=3
CLOUD TECHNICIAN PART TIME/TEMP(12AM-8AM SHIFT),Ultimate Software,Remote,https://www.indeed.com/viewjob?jk=3571e1a99419c08d&from=web&vjs=3
Machine Learning Engineer,"7-Eleven, Inc.","Irving, TX",https://www.indeed.com/viewjob?jk=03970c0fe72df8c1&from=web&vjs=3
"Norwell, MA Based Salesforce Developer",UberJets,"Norwell, MA",https://www.indeed.com/viewjob?jk=dfef52069a24e38f&from=web&vjs=3
System Architect,iQuartic,"Boston, MA",https://www.indeed.com/viewjob?jk=8fca84bcd240c643&from=web&vjs=3
Python Developer,Hibou Corp.,United States,https://www.indeed.com/viewjob?jk=9f2fc32ab2aa30ed&from=web&vjs=3
Python Developer,Systech Corp,Remote,https://www.indeed.com/viewjob?jk=4d6e2b42ed19c1ec&from=web&vjs=3
Senior Python Developer,eMoney Advisor,Remote,https://www.indeed.com/viewjob?jk=b59a2281d58eefdf&from=web&vjs=3
